,City_ID,Country,Lat,Lng,Hotel Name
0,Bima,ID,-8.45,118.73,Lambitu Hotel
1,Bambous Virieux,MU,-20.34,57.76,Casa Tia Villa
2,Jamestown,AU,-33.21,138.6,Jamestown Motel Terraces
3,Irbeyskoye,RU,55.64,95.45,"Gostinitsa ""Agul"""
4,Lykhivka,UA,48.69,33.92,
5,Salym,RU,60.06,71.48,Gostinitsa V Salyme
6,Puerto Ayora,EC,-0.74,-90.35,Finch Bay Galapagos Hotel
7,Provideniya,RU,64.42,-173.23,
8,Nabire,ID,-3.36,135.5,Hotel Nusantara Nabire
9,Mataura,NZ,-46.19,168.86,Ellie's Villa
10,Rikitea,PF,-23.12,-134.97,Pension Maro'i
11,Vanimo,PG,-2.67,141.3,Vahmoneh Lodge Vanimo
12,Atuona,PF,-9.8,-139.03,Villa Enata
13,Sidrolandia,BR,-20.93,-54.96,hotel cisne azul
14,Airai,TL,-8.93,125.41,Juvinal Martin
15,Punta Arenas,CL,-53.16,-70.91,Hotel Dreams Del Estrecho
16,Ushuaia,AR,-54.81,-68.31,Albatros Hotel
17,Hilo,US,19.71,-155.08,Hilo Seaside Hotel
18,Victoria,BN,5.28,115.24,Tiara Labuan Hotel
19,Busselton,AU,-33.64,115.35,Observatory Guest House
20,Haines Junction,CA,60.75,-137.51,Parkside Inn
21,Hithadhoo,MV,-0.6,73.08,Scoop Guest House
22,Hobart,AU,-42.88,147.33,St Ives Apartments
23,Qaanaaq,GL,77.48,-69.36,Qaanaaq Hotel
24,Marsaxlokk,MT,35.84,14.54,Water's Edge
25,Vaini,IN,15.34,74.49,Dandeli Lake County
26,San Quintin,PH,17.54,120.52,San Quintin River Resort
27,Oxapampa,PE,-10.58,-75.4,Altares de Oxapampa
28,Pevek,RU,69.7,170.27,Munitsipal'naya Gostinitsa
29,Port Elizabeth,US,39.31,-74.98,HAMMER RUN
30,Katsuura,JP,33.93,134.5,喜楽の湯
31,Arlit,NE,18.74,7.39,Hôtel Telwa Bungalow
32,Birao,CF,10.3,22.78,
33,Port Alfred,ZA,-33.59,26.89,The Halyards Hotel
34,Muriae,BR,-21.13,-42.37,Premium Plaza Hotel
35,Cockburn Town,TC,21.46,-71.14,Osprey Beach Hotel
36,Dikson,RU,73.51,80.55,
37,Saint-Philippe,CA,45.36,-73.48,Camping St-Andre
38,Cape Town,ZA,-33.93,18.42,Southern Sun Waterfront Cape Town
39,Bethel,US,60.79,-161.76,Long House Hotel Bethel
40,Georgetown,GY,6.8,-58.16,Kanhai's Center
41,Hermanus,ZA,-34.42,19.24,Misty Waves Boutique Hotel
42,Geraldton,CA,49.72,-86.95,Victoria Bed & Breakfast
43,Bako,BF,12.29,-0.73,
44,Nanma,CN,35.7,113.14,Yinxin Hotel
45,Olinda,AU,-37.84,145.39,Mary Cards Coach House
46,Longyearbyen,NO,78.22,15.63,"Radisson Blu Polar Hotel, Spitsbergen"
47,Faanui,PF,-16.48,-151.75,Bora-Bora Pearl Beach Resort & Spa
48,Terra Santa,BR,-2.1,-56.49,Hotel Sarah
49,Eureka,US,40.8,-124.16,Eureka Inn
50,Staraya Poltavka,RU,50.48,46.48,"Hotel ""Oktyabrskaya"""
51,Aljezur,PT,37.31,-8.8,Amazigh Hostel
52,Portland,US,43.66,-70.25,Hampton Inn Portland Downtown - Waterfront
53,Tiksi,RU,71.64,128.87,Umka
54,Potsdam,DE,52.4,13.06,Dorint Hotel Sanssouci Berlin/Potsdam
55,Zhangjiakou,CN,40.77,114.88,Longhao Hotel
56,Ust-Nera,RU,64.57,143.24,Квартира посуточно в Усть-Нере
57,Srednekolymsk,RU,67.46,153.71,
58,Taksimo,RU,56.36,114.84,Tsentral'naya
59,Necochea,AR,-38.55,-58.74,dyd -mar Hotel
60,Ratnagiri,IN,16.98,73.3,Hotel Landmark
61,Puerto Escondido,MX,15.86,-97.07,Aldea del Bazar Hotel and Spa
62,Cabedelo,BR,-6.97,-34.84,Lua Mansa Pousada
63,San Carlos de Bariloche,AR,-41.13,-71.31,Hotel Patagonia
64,Mangai,CD,-4.07,19.59,
65,Aswan,EG,24.09,32.9,Nuba Nile
66,Leningradskiy,RU,69.38,178.42,
67,Howell,US,40.17,-74.19,At 9 Motel
68,Gao,ML,16.28,-0.04,Auberge Escale Saneye
69,Russell,US,38.9,-98.86,Quality Inn
70,Lorengau,PG,-2.02,147.27,Lorengau Harbourside Hotel
71,Butaritari,KI,3.07,172.79,Isles Sunset Lodge
72,Knysna,ZA,-34.04,23.05,Protea Hotel by Marriott Knysna Quays
73,Bredasdorp,ZA,-34.53,20.04,Bredasdorp Country Manor
74,Albany,US,42.65,-73.75,Hilton Albany
75,Codajas,BR,-3.84,-62.06,Hotel Tamires
76,Karratha,AU,-20.74,116.85,ibis Styles Karratha
77,Guarapari,BR,-20.67,-40.5,Hotel Porto do Sol
78,Chokurdakh,RU,70.62,147.9,
79,Norman Wells,CA,65.28,-126.83,Heritage Hotel
80,Ukiah,US,39.15,-123.21,Hampton Inn Ukiah
81,Fortuna,US,40.6,-124.16,Super 8 By Wyndham Fortuna
82,Rapid Valley,US,44.06,-103.15,Fairfield Inn & Suites by Marriott Rapid City
83,Saskylakh,RU,71.97,114.09,Saskylakh Aeroport
84,Simplicio Mendes,BR,-7.85,-41.91,Fidalgo
85,Maracas,TT,10.76,-61.44,Maracas Bay
86,Verkhnyaya Toyma,RU,62.24,45.0,Gostinitsa
87,New Norfolk,AU,-42.78,147.06,The Shingles Riverside Cottages
88,Saint-Joseph,FR,43.56,6.97,Hôtel Château de la Tour
89,Thompson,CA,55.74,-97.86,Burntwood Hotel
90,Alfonsine,IT,44.51,12.04,HOTEL LA CANTINA
91,Hobyo,SO,5.35,48.53,
92,East London,ZA,-33.02,27.91,Tu Casa
93,Ilulissat,GL,69.22,-51.1,Hotel Arctic
94,Avarua,CK,-21.21,-159.78,Paradise Inn
95,Talnakh,RU,69.49,88.39,Talnakh Hotel
96,Sharkan,RU,57.3,53.87,Rodnichok
97,Vung Tau,VN,10.35,107.08,Seaside Resort
98,Coos Bay,US,43.37,-124.22,Best Western Holiday Hotel
99,Castro,CL,-42.48,-73.76,Hotel Esmeralda
100,Ashqelon,IL,31.67,34.57,Leonardo Ashkelon
101,Kondinskoye,RU,59.65,67.41,
102,Bubaque,GW,11.28,-15.83,Casa Dora
103,Barrow,AR,-38.31,-60.23,
104,Buala,SB,-8.15,159.59,Maringe Lagoon Lodge
106,Komsomolskiy,RU,67.55,63.78,
107,Yellowknife,CA,62.45,-114.38,The Explorer Hotel
108,Liverpool,GB,53.41,-2.98,Premier Inn Liverpool City Centre (Moorfields) hotel
109,Kosh-Agach,RU,49.99,88.66,Fermerskiy Dom v Kosh-Agache
110,Cherskiy,RU,68.75,161.3,Gostinitsa
111,Torrevieja,ES,37.98,-0.68,Hotel Fontana Plaza
112,Dunedin,NZ,-45.87,170.5,Scenic Hotel Southern Cross
113,Liyang,CN,31.42,119.48,Jinjiang Inn Style Suyang City Government Building
114,Torbay,CA,47.66,-52.73,See The Sea
115,Te Anau,NZ,-45.41,167.72,Kingsgate Hotel Te Anau
116,Salekhard,RU,66.54,66.62,Hotel 89
117,Motygino,RU,58.18,94.69,"Gostinitsa ""Uyut"""
118,Mar del Plata,AR,-46.43,-67.52,Hotel Costanera Del Sur
119,Severo-Kurilsk,RU,50.68,156.12,Kak Doma
120,Port Macquarie,AU,-31.43,152.91,Rydges Port Macquarie
121,Tignere,CM,7.37,12.65,SADECK
122,Fairbanks,US,64.84,-147.72,Westmark Fairbanks Hotel & Conference Center
123,Montepuez,MZ,-13.13,39.0,RESIDÊNCIAL LANCHONETE
124,Hambantota,LK,6.12,81.12,Bungalow 63
125,Narsaq,GL,60.91,-46.05,Hotel Narsaq
126,Faya,SA,18.39,42.45,مقبرة ال مجمل
127,Ancud,CL,-41.87,-73.83,HOTEL ANCUD DON LUCAS
128,Santa Cruz,BR,-6.22,-36.02,Pousada Trairi
129,Amapa,HN,15.09,-87.97,Incubadora GAHSA
130,Kapaa,US,22.08,-159.32,Sheraton Kauai Coconut Beach Resort
131,Concordia,AR,-31.4,-58.02,Palmar Hotel Casino
132,Munirabad,IN,15.28,76.33,Mateen Hotel
133,Saint George,GR,39.45,22.34,MX PARK KYPARISSOS
134,Bonavista,CA,48.65,-53.11,Abbott's Bed & Breakfast
135,La Puebla del Rio,ES,37.27,-6.06,Hotel Gran Avenida
136,Antofagasta,CL,-23.65,-70.4,Holiday Inn Express Antofagasta
137,Marawi,PH,8.0,124.29,Derogongan Residence
138,Nikolskoye,RU,59.7,30.79,Tourist House - Sablino
139,Bogo,CM,10.74,14.61,
140,Clyde River,CA,70.47,-68.59,Qamaq Hotel
141,Taltal,CL,-25.41,-70.49,Residencial Karime
142,Sal Rei,CV,16.18,-22.92,Marine Club Beach Resort
143,Cordoba,AR,-27.78,-67.24,
144,Tuatapere,NZ,-46.13,167.69,Ron and Tony's Bed & Breakfast
145,Salalah,OM,17.01,54.1,HAMDAN PLAZA HOTEL
146,Great Yarmouth,GB,52.61,1.73,Comfort Hotel Great Yarmouth
147,Aykhal,RU,65.95,111.51,Hotel Astoria
148,Isangel,VU,-19.55,169.27,Volcano Sea View Tree House
149,Hualmay,PE,-11.1,-77.61,Hotel Restaurant Turístico Casablanca
150,Chimbote,PE,-9.08,-78.59,Hotel Briliá
151,San Patricio,PY,-26.98,-56.83,"Granja ""La Blanca"""
152,Miles City,US,46.41,-105.84,FairBridge Inn & Suites Miles City
153,Tilichiki,RU,60.47,166.1,
154,Sitka,US,37.17,-99.65,
155,Ban Phai,TH,16.55,102.46,ร้อยตำรวจโท​ สุทวัฒสุถาธิวงศ์​
156,Usmajac,MX,19.87,-103.55,Hacienda don Nicolas
157,Vestmanna,FO,62.16,-7.17,Budget Guesthouse Borgustova
158,Veraval,FR,49.65,0.71,Le Manoir aux Vaches
159,Svetlaya,RU,46.54,138.33,
160,Padang,ID,-0.92,100.36,Mercure Padang
161,Dickinson,US,46.88,-102.79,Ramada by Wyndham Grand Dakota Hotel Dickinson
162,Nelson Bay,AU,-32.72,152.14,Mantra Nelson Bay
163,Arman,RU,59.7,150.17,
165,Springdale,US,36.19,-94.13,Springdale Inn
166,Ostrovnoy,RU,68.05,39.51,
167,Hokitika,NZ,-42.72,170.96,Beachfront Hotel Hokitika
168,Nishihara,JP,35.74,139.53,Citytel Musashisakai
169,Gigmoto,PH,13.78,124.39,Cj's Travellers Inn
170,Krutinka,RU,56.01,71.51,Hotel Pearl Ica
171,Varhaug,NO,58.61,5.65,Dancenter Gurihuset
172,Chara,GR,39.42,22.43,
173,Nova Olimpia,BR,-14.8,-57.29,Hotel Olímpia
174,Sungaipenuh,ID,-2.08,101.38,Hotel Jaya Wisata 2
175,Omboue,GA,-1.57,9.26,Hotel Olako
176,Kerouane,GN,12.23,-12.34,
177,Lebu,ET,8.96,38.73,Dah-Lak Guest House
178,Chuy,UY,-33.69,-53.46,Nuevo Hotel Plaza
179,Wanning,AT,48.64,13.53,Hotel Zur Post
180,Mana,NG,13.03,5.27,RG Palace
181,Anloga,GH,5.79,0.9,BeatzWave Studios
182,Abu Kamal,SY,34.45,40.92,
183,La Ronge,CA,55.1,-105.3,Northland Motor Hotel
184,Patacamaya,BO,-17.23,-67.92,GARAJE EVA LA TRAILERA
185,Ribeira Grande,PT,38.52,-28.7,Quinta da Meia Eira
186,Souillac,FR,45.6,-0.6,Jolysable
187,Maniitsoq,GL,65.42,-52.9,Hotel Heilmann Lyberth
188,Buraydah,SA,26.33,43.97,Mövenpick Hotel Qassim
189,Pisco,PE,-13.71,-76.2,Hostal San Isidro Oficial
190,Baykit,RU,61.68,96.39,Gostinitsa
191,Angoram,PG,-4.06,144.07,
192,Tuktoyaktuk,CA,69.44,-133.03,End of The Road Ltd.
193,Grindavik,IS,63.84,-22.43,Northern Light Inn & Max's Restaurant
194,Bluff,AU,-23.58,149.07,Bluff Hotel
195,Mahebourg,MU,-20.41,57.7,Shandrani Beachcomber Resort & Spa
196,Egvekinot,RU,66.32,-179.17,
197,Opunake,NZ,-39.45,173.86,The Lighthouse
198,Paita,PE,-5.09,-81.11,Hotel Náutico de Paita
199,Petropavlovsk-Kamchatskiy,RU,53.05,158.65,"ООО ""Гостиничный комплекс ""Петропавловск"""
200,Shimoda,JP,34.7,138.93,Shimoda Tokyu Hotel
201,Kyaikkami,MM,16.08,97.57,Happy Family Kyaikkami
202,Grand Gaube,MU,-20.01,57.66,Veranda Paul et Virginie Hotel & Spa
203,Auki,NG,12.18,6.51,
204,Ankang,CN,32.73,108.99,Home Inn Hotel
205,Beira,ES,43.2,-8.36,Costa Da Egoa
206,Tongling,CN,30.93,117.81,Huoxian Hotel
207,Itarema,BR,-2.92,-39.92,Windvillage
208,Cacahoatan,MX,14.98,-92.17,Luna Maya Hostel & Wellness
209,Port Lincoln,AU,-34.72,135.86,Port Lincoln Hotel
210,Surt,LY,31.21,16.59,City Hotel
211,Carnarvon,ZA,-30.97,22.13,Maritza Bed & Breakfast
212,Ekhabi,RU,53.51,142.97,
213,Adrar,DZ,27.87,-0.29,s.e.t.setif entenne d'adrar
214,Anadyr,RU,64.73,177.51,"Гостиница ""Анадырь"""
215,Sioux Lookout,CA,50.1,-91.92,Knobby's Fly-In Camps
216,Mazatlan,MX,23.22,-106.42,Ramada Resort Mazatlan
217,Myaundzha,RU,63.05,147.18,
218,Kankon,IN,15.02,74.02,Palolem Beach Resort
219,Lata,IN,30.78,78.62,"The Goat Village, Dayara Bugyal"
220,Kavaratti,IN,10.57,72.64,Hotels in Lakshadweep Islands
221,Kuldur,RU,49.22,131.63,
222,Coffs Harbour,AU,-30.3,153.13,Aquajet Motel
223,Port Pirie,AU,-33.18,138.01,John Pirie Motor Inn
224,Kavieng,PG,-2.57,150.8,Nusa Island Retreat
225,Moose Factory,CA,51.26,-80.61,Cree Village Eco Lodge
226,Akdepe,TM,42.05,59.39,Мой дом
227,Sohbatpur,PK,28.52,68.54,قادری ہوٹل
228,Poso,ID,-1.4,120.75,Hotel 77 Poso
229,San Antonio,CL,-33.58,-71.61,Hotel Mellati
230,Svetlogorsk,RU,53.14,59.15,
231,Hadejia,NG,12.45,10.04,Women Centre
232,Salinopolis,BR,-0.61,-47.36,Hotel Salinópolis
233,Povrly,CZ,50.67,14.16,Hotel Český Lev
234,Upernavik,GL,72.79,-56.15,Gina's Guesthouse - Upernavik
235,Ozernovskiy,RU,51.5,156.52,
236,Goksun,TR,38.02,36.5,Tuğçe Otel
237,Babstovo,RU,48.12,132.48,
238,Vestmannaeyjar,IS,63.44,-20.27,Glamping & Camping
239,Mount Isa,AU,-20.73,139.49,ibis Styles Mt Isa Verona
240,Yamada,JP,36.58,137.08,Yamada Onsen Genenro
241,Deqing,CN,30.54,119.97,Narada Boutique Hotel Huzhou Deqing
242,Kruisfontein,ZA,-34.0,24.73,Oyster Bay House Rental
243,Khandbari,NP,27.38,87.21,Laxmi Hotel And Khajaghar
244,Kelowna,CA,49.89,-119.5,Delta Hotels by Marriott Grand Okanagan Resort
245,Kudahuvadhoo,MV,2.67,72.89,Kudahuvadhoo Retreat
246,Mikhaylovka,RU,52.96,103.29,
247,Mamit,IN,23.92,92.49,"DC Rest House, Mamit"
248,Narasingapuram,IN,11.61,78.57,ARS
249,Oranjemund,ZA,-28.55,16.43,Sperrgebiet Guest House
250,Cayenne,GF,4.94,-52.33,Hôtel Le Dronmi
251,Vardo,US,39.62,-77.74,Holiday Inn Express & Suites Hagerstown
252,Sorland,NO,67.67,12.69,Sjybrygga fiskecamp
253,Port Moresby,PG,-9.47,147.16,Lamana Hotel
254,Pangnirtung,CA,66.15,-65.72,Kilabuk Lodge
255,Shenjiamen,CN,29.96,122.3,Jinjiang Inn Zhoushan Putuo Shenjiamen
256,College,US,64.86,-147.8,Pike's Waterfront Lodge
257,Maloyaroslavets,RU,55.01,36.47,FOREST hotel
258,Maragogi,BR,-9.01,-35.22,Salinas do Maragogi All Inclusive Resort
259,Dudinka,RU,69.41,86.18,Hotel Viktoria
260,Ponta do Sol,BR,-20.63,-46.0,Hotel Escarpas do Lago
261,Newport,GB,51.59,-3.0,Hotel ibis budget Newport
262,Sao Filipe,CV,14.9,-24.5,Tortuga B&B
263,Saldanha,PT,41.42,-6.55,
264,Coahuayana,MX,18.62,-100.35,
265,Moron,HT,18.56,-74.26,
266,Sinnamary,GF,5.38,-52.96,ALETHEIA Appartement Sinnamary
267,Apricena,IT,41.78,15.44,Bed & Breakfast CORSO ROMA
268,Berlevag,NO,70.86,29.09,Kvitbrakka
269,Moroto,UG,2.53,34.66,"Kara-Tunga, Karamoja Safari Camp"
270,Glace Bay,CA,46.2,-59.96,Cedarwoods Bed & Breakfast
271,Cody,US,44.53,-109.06,Buffalo Bill (Cabins) Village
272,Aurada,IN,18.25,77.42,बसवराज
273,Zhigansk,RU,66.77,123.37,Gostinichnyy Kompleks Aylgy
274,Skjervoy,NO,70.03,20.97,Skjervøy Byggeservice AS
275,Pacific Grove,US,36.62,-121.92,Lovers Point Inn
276,Qaqortoq,GL,60.72,-46.03,Hotel Qaqortoq
277,Bathsheba,BB,13.22,-59.52,Atlantis Hotel
278,Leh,IN,34.16,77.58,Hotel Ladakh Greens
279,San Andres,PH,13.32,122.68,El Fresco Lodge
280,Lompoc,US,34.64,-120.46,Holiday Inn Express Lompoc
281,Zahirabad,IN,17.68,77.61,Milan Hotel
282,Mount Darwin,ZW,-16.77,31.58,
283,Husavik,CA,50.56,-96.99,Idle Wheels RV Park
284,Kieta,PG,-6.22,155.63,
285,Hamilton,CA,43.26,-79.87,Sheraton Hamilton Hotel
286,Fereydun Kenar,IR,36.69,52.52,Tourist Hotel
287,Kizilskoye,RU,52.73,58.89,Motel Region
288,Tautira,PF,-17.73,-149.15,Pension Oaoa
289,Amahai,ID,-3.31,129.0,Penginapan Madina
290,Lagoa,PT,37.14,-8.45,Agua Hotels Vale Da Lapa Lagoa
291,Hasaki,JP,35.73,140.83,Inubosaki Kanko Hotel
292,Banjar,ID,-7.37,108.54,Mandiri
293,Rawson,AR,-43.3,-65.11,Hospedaje Sampedro
294,Karatau,KZ,43.18,70.46,Gor.bol'nitsa
295,Takoradi,GH,4.89,-1.75,Raybow International Hotel
296,Victor Harbor,AU,-35.55,138.62,McCracken Country Club
297,Cao Bang,VN,22.67,106.25,khách sạn 88
298,Menongue,AO,-14.66,17.68,Ritz Lauca
299,Yulara,AU,-25.24,130.99,Desert Gardens Hotel - Ayers Rock Resort
300,Iqaluit,CA,63.75,-68.52,Frobisher Inn
301,Neka,IR,36.65,53.3,برق خودرو کولر مجید
302,Constitucion,MX,23.99,-104.67,Hotel Posada San Agustin
303,Plettenberg Bay,ZA,-34.05,23.37,Thanda Vista B&B
304,Acapulco,MX,16.86,-99.88,Crowne Plaza Acapulco
305,Chunskiy,RU,56.08,99.63,Odisseya
306,Kaitangata,NZ,-46.28,169.85,Kaitangata Motor Camp
307,Port Blair,IN,11.67,92.75,Fortune Resort Bay Island
308,Richards Bay,ZA,-28.77,32.06,BON Hotel Waterfront Richards Bay
309,Frontera,MX,18.53,-92.64,Peninsula Frontera
310,Marzuq,YE,14.4,46.47,
311,Laguna,BZ,16.17,-88.94,Laguna Maya Lodge
312,Tadine,NC,-21.55,167.88,
313,Kodiak,US,39.95,-94.76,
314,Codrington,AU,-28.95,153.24,
315,Rondonopolis,BR,-16.46,-54.64,Serras Hotel
316,Gizo,IL,31.8,34.94,בקתות לשקיעה
317,Maldonado,UY,-34.91,-54.96,Joan Miro Hotel
318,Okhotsk,RU,59.36,143.24,Gostinitsa V Okhotske
319,Carson City,US,39.16,-119.77,Courtyard by Marriott Carson City
320,Cidreira,BR,-30.17,-50.22,Pond Country Club
321,Burns Lake,CA,54.23,-125.76,Burns Lake Bed and Breakfast
322,Uthal,PK,25.81,66.62,MA ROONJHA General store
323,Valparaiso,US,41.47,-87.06,Hampton Inn & Suites Valparaiso
324,Foumban,CM,5.73,10.9,Hotel Pekassa De Karche
325,Ossora,RU,59.24,163.07,
326,La Asuncion,AR,-26.05,-65.39,LA ASUNCION
327,Kahului,US,20.89,-156.47,Maui Seaside Hotel
328,Farafangana,MG,-22.82,47.83,Austral Hotel
329,Sao Joao da Barra,BR,-21.64,-41.05,Pousada Porto De Canoas
330,Champasak,LA,14.89,105.88,Khamphouy Guesthouse
331,Tasiilaq,GL,65.61,-37.64,The Red House
332,Havre-Saint-Pierre,CA,50.23,-63.6,Auberge Niapiskau
333,Wenling,CN,28.38,121.38,Hanting Express Wenling Wanchang North Road
334,Mirai,BR,-21.2,-42.61,Camapuan Palace Hotel
335,Sotouboua,TG,8.56,0.98,Hôtel La Planète
336,Nome,US,30.04,-94.42,Silver Spur Mobile Home & RV Park
337,Carsamba,TR,41.2,36.72,Carsamba Ogretmenevi
338,Buenos Aires,AR,-34.61,-58.44,Wilton Hotel
339,Flinders,AU,-34.58,150.85,Shellharbour Resort & Conference Centre
340,Tirano,IT,46.22,10.17,Hotel Corona Tirano
341,Bukama,CD,-9.2,25.85,
342,Atasu,KZ,48.68,71.64,Dostyk
343,Morwa,BW,-24.44,26.07,"Penterstar Kgabo Resort, Mochudi"
344,Volyne,CZ,49.17,13.89,Apartmány Volyně
345,Chino Valley,US,34.76,-112.45,Primrose Inn & Suites
346,Quang Ngai,VN,15.12,108.8,Central Hotel
347,Zabaykalsk,CN,49.64,117.33,Gk Imperiya
348,Sao Paulo de Olivenca,BR,-3.38,-68.87,
349,Rafai,CF,4.95,23.92,
350,Douentza,ML,15.01,-2.95,Ogomono Doumbo
351,Aitape,PG,-3.15,142.36,
352,Abilene,US,32.45,-99.73,La Quinta Inn by Wyndham Abilene
353,Pangkalanbuun,ID,-2.68,111.62,Grand Kecubung Hotel
354,Yarmouth,CA,43.84,-66.12,Comfort Inn
355,Sidi Ali,DZ,36.1,0.42,
356,Yar-Sale,RU,66.83,70.83,Yalemd
357,Zhigalovo,RU,54.81,105.15,"Hotel ""Lenatur"""
358,Ati,TD,13.21,18.34,
359,Samarai,PG,-10.62,150.67,Nuli Sapi
360,Pasighat,IN,28.06,95.33,Siang Guest House
361,Abu Samrah,SY,35.3,37.18,
362,Hearst,CA,49.69,-83.67,Companion
363,Muros,ES,42.77,-9.06,Apartment Av. Castelao
364,Strezhevoy,RU,60.73,77.6,Sibiryachka
365,Kaduqli,SD,11.01,29.72,Bean pods
366,Rosarito,CO,4.91,-75.23,Hostal Restaurante Horizol
367,Touros,BR,-5.2,-35.46,INN NEW HORIZON
368,Motril,ES,36.75,-3.52,Elba Motril Hotel Beach & Business Hotel
369,Huron,US,44.36,-98.21,Quality Inn
370,Lavrentiya,RU,65.58,-170.99,
371,Santiago,PH,16.69,121.54,GraceHill EconoSuites
372,Anastacio,BR,-20.48,-55.81,HOTEL ARARAS
373,Manadhoo,MV,5.77,73.38,seashine guest house
374,Saint-Augustin,CA,45.63,-73.98,Chez Felicia
375,Fare,PF,-16.7,-151.02,Maitai Lapita Village Huahine
376,Belmonte,PT,40.36,-7.35,Pousada Convento de Belmonte
377,Luba,PH,17.32,120.7,
378,Mehamn,NO,71.03,27.85,Mehamn Arctic Hotel AS
379,Mapiripan,CO,2.89,-72.13,Monserrate
380,Khasan,RU,42.43,130.64,Krako Motorkár
381,Kolosovka,RU,56.47,73.61,Kolosovskaya Gostinitsa
382,Ouadda,CF,8.07,22.4,
383,Invermere,CA,50.51,-116.03,Copper Point Resort
384,Filadelfia,PY,-22.35,-60.04,Hotel Florida Filadelfia
385,Mandalgovi,MN,45.76,106.27,Ганбат.В
386,Monte Azul,BR,-15.15,-42.87,Hotel Delfino
387,Vitim,RU,59.44,112.57,Gostinitsa V Apteke
388,Ngunguru,NZ,-35.62,174.5,Pacific Rendezvous Motel Resort
389,Linxia,CN,35.6,103.21,Super 8 Linxia Yiwu International Commercial Plaza
390,Batticaloa,LK,7.71,81.69,Treatooo City Hotel Batticaloa
391,Sao Joaquim,BR,-28.29,-49.93,Pousada Alternativa Cravo e Canela
392,Lixourion,GR,38.2,20.43,Summery Hotel
393,Santiago del Estero,AR,-27.8,-64.26,Hotel Urbano
394,Claresholm,CA,50.02,-113.58,Bluebird Motel
395,Bellview,US,32.78,-95.7,Foster Ranch
396,Balabac,PH,7.99,117.06,Sing and Swing Lodge
397,Kysyl-Syr,RU,63.9,122.77,
398,Pitimbu,BR,-7.47,-34.81,Reserva do Abiaí
399,Yoichi,JP,43.19,140.77,Marumatta Farm 21
400,Crotone,IT,39.09,17.12,Helios Hotel
401,La Rioja,AR,-29.41,-66.86,Hotel Libertador
402,Caetite,BR,-14.07,-42.48,Hotel Porto do Sol
403,Balakhninskiy,RU,58.01,114.28,
404,Sisimiut,GL,66.94,-53.67,Hotel Sisimiut
405,Sabinopolis,BR,-18.67,-43.08,Hotel São Joaquim
406,Green River,US,41.53,-109.47,Hampton Inn & Suites Green River
407,Asyut,EG,27.18,31.19,Florence Hotel Assiut
408,Kupang,ID,-10.16,123.6,Hotel On The Rock by Prasanthi
409,Pingliang,CN,35.54,106.68,North Gate Hostel
410,Magadi,IN,12.96,77.22,SLN GRAND INN
411,Esperance,AU,-33.86,121.89,Hospitality Esperance
412,Garden City,US,43.62,-116.24,TownePlace Suites by Marriott Boise Downtown/University
413,Rocky Mountain House,CA,52.38,-114.92,Walking Eagle Inn & Lodge
414,Zyryanka,RU,65.73,150.89,
415,Nova Granada,BR,-20.53,-49.32,Hotel Pousada Nova Granada
416,Atar,MR,20.52,-13.05,Oumou Elghoura
417,Llangefni,GB,53.26,-4.31,Bull Hotel
418,Palimbang,PH,14.9,120.78,Sir Nico Guesthouse and Resort
419,Ahuimanu,US,21.44,-157.84,Paradise Bay Resort
420,La Plata,AR,-34.92,-57.95,Hotel Corregidor
421,Toccoa,US,34.58,-83.33,Trembly Bald Mountain Resort
422,Naze,NG,5.43,7.07,Female Hostel C
423,Agadez,NE,16.97,7.99,Auberge d'Azel
424,Vila Praia de Ancora,PT,41.81,-8.85,Hotel Meira
425,Christchurch,NZ,-43.53,172.64,"Chateau on the Park - Christchurch, a DoubleTree by Hilton"
426,Aksu,KZ,52.04,76.93,AZIA PLAST
427,Prokopyevsk,RU,53.89,86.74,"Гостиница ""Заря"""
428,Hashtrud,IR,37.48,47.05,باشگاه فرهنگیان هشترود
429,Hermosillo,MX,29.09,-110.96,Hotel San Andrés
430,Inhambane,MZ,-23.87,35.38,MHL Turismo SA
431,San Policarpo,PH,12.18,125.51,Zal-Ann Beach Resort
432,Ambilobe,MG,-13.19,49.05,Hôtel & Restaurant DIANA Ambilobe
433,Krasnoturansk,RU,54.32,91.57,Sotsial'naya Gostinitsa
434,Sokoto,NG,13.06,5.24,RG Palace
435,Puerto Madryn,AR,-42.77,-65.04,Hotel Tolosa
436,Golpayegan,IR,33.46,50.29,TOURISM Hotel
437,Poum,MK,41.28,20.71,Dolno Tateši
438,Esfarayen,IR,37.08,57.51,Mellat
439,Vila Velha,BR,-3.71,-38.6,Hotel Iparana Paradise
440,The Valley,AI,18.22,-63.06,CeBlue Villas & Beach Resort
441,Yumbe,UG,3.47,31.25,Praford Hotel
442,Nianzishan,CN,47.51,122.88,Wenhua Hotel
443,Sobolevo,RU,54.43,31.9,
444,Palmer,AU,-34.85,139.16,Palmer Hotel
445,Meulaboh,ID,4.14,96.13,Kost Pria
446,Calbiga,PH,11.63,125.02,Lola Rosa
447,Dothan,US,31.22,-85.39,Courtyard by Marriott Dothan
448,Cabo San Lucas,MX,22.89,-109.91,Hotel Tesoro Los Cabos
449,Mirnyy,RU,56.57,36.46,"Radisson Resort, Zavidovo"
450,Carroll,AU,-30.99,150.44,
451,Namatanai,PG,-3.66,152.44,Namatanai Hotel
452,Pocoes,BR,-14.53,-40.37,Poções Palace Hotel
453,Klaksvik,FO,62.23,-6.59,Airbnb rooms
454,Inuvik,CA,68.36,-133.71,Nova Inn Inuvik
455,Chimore,BO,-16.98,-65.13,Bichito
456,Entre Rios,BR,-11.94,-38.08,Pousada Porteira
457,Bastia,IT,44.6,8.98,Albergo Birra
458,Los Reyes,MX,20.15,-98.16,Desarrollo Turistico Rural Montaña Viviente
459,Oktyabrskoye,RU,56.73,85.44,U Aleksandrovskogo Rodnika Stoyanka
460,Coihaique,CL,-45.58,-72.07,Diego De Almagro Coyhaique
461,Calmar,CA,53.27,-113.81,
462,Iturama,BR,-19.73,-50.2,República AmaZonas
463,Arraial do Cabo,BR,-22.97,-42.02,Pousada Porto Praia
464,Praya,ID,-8.71,116.27,Grand Royal B.I.L Lombok
465,Bolshoy Lug,RU,52.08,104.09,Metallurg
466,Mangan,IN,27.5,88.54,Munlom Nature Resort
467,Lazaro Cardenas,MX,28.39,-105.62,Hotel Los Naranjos
468,Maniwaki,CA,46.38,-75.98,Centre Chateau Logue
469,Varginha,BR,-21.56,-45.43,Plinios Hotel
470,Carballo,ES,43.21,-8.69,Pazo do Souto
471,Bafoulabe,ML,13.81,-10.83,
472,Clarksville,US,36.53,-87.36,Westgate Inn & Suites
473,Atambua,ID,-9.11,124.89,Pondok Pesantren Al Muhajirin Atambua
474,Evensk,RU,61.92,159.24,
475,Nanortalik,GL,60.14,-45.24,"NTS Rooms, Nanortalik"
476,Phalodi,IN,27.13,72.36,"HOTEL NEW GOLDEN PALACE , PHALODI"
477,Sept-Iles,CA,50.2,-66.38,Comfort Inn
478,Broome,GB,52.47,1.45,Angel House B & B
479,Deputatskiy,RU,69.3,139.9,Baza Otdykha
480,Madimba,CM,4.42,9.93,
481,Chicama,PE,-7.84,-79.15,Hotel Las Aldas
482,Coquimbo,CL,-29.95,-71.34,Hotel San Juan
483,Naryan-Mar,RU,67.67,53.09,Hostel Agat
484,Puerto Narino,CO,-3.77,-70.38,Eware Refugio Amazonico
485,Saint Anthony,US,43.97,-111.68,Hunter's Escape
486,Prescott Valley,US,34.61,-112.32,Hampton Inn & Suites Prescott Valley
487,Ust-Maya,RU,60.42,134.54,
488,Khatanga,RU,71.98,102.47,"""Khatanga"""
489,Coaticook,CA,45.13,-71.8,Villa highland
490,Port Hardy,CA,50.7,-127.42,Airport Inn
491,Campbell River,CA,50.02,-125.24,Ramada by Wyndham Campbell River
492,Rio Rancho,US,35.27,-106.63,Quality Inn
493,Mareeba,AU,-16.99,145.42,Mareeba Country Caravan Park
494,Dhidhdhoo,MV,6.88,73.1,
495,Zbarazh,UA,49.66,25.78,Edelʹveys
496,Port-Gentil,GA,-0.72,8.78,Fengshui Residence
497,Virbhadra,IN,30.07,78.28,GANGA KINARE by Holywater Hotels
498,Bara,NG,10.41,10.6,
499,Conceicao do Araguaia,BR,-8.26,-49.26,Tarumã Tropical Hotel
501,Biltine,TD,14.53,20.93,Hôtel Trois Étoiles de Biltine
502,Timbuktu,ML,16.77,-3.01,Hôtel Sahara Passion
503,Sao Jose da Coroa Grande,BR,-8.9,-35.15,Crôa Mares Hotel
504,Ribeira Brava,PT,32.65,-17.07,Hotel do Campo
505,Ulladulla,AU,-35.36,150.48,Sandpiper Motel
506,Guymon,US,36.68,-101.48,Holiday Inn Express & Suites Guymon
507,Muroto,JP,33.37,134.14,
508,Satkhira,BD,22.72,89.08,Tamal's Palace
509,Leshukonskoye,RU,64.9,45.76,Gostinitsa Mup Zhkkh
510,Banda Aceh,ID,5.56,95.32,OYO 884 Rumoh PMI Hotel
511,Denpasar,ID,-8.65,115.22,Aston Denpasar Hotel & Convention Center
512,Karachi,PK,24.87,67.03,Pearl Continental Karachi
513,Moree,AU,-29.46,149.84,Molika Springs Motel
514,Challakere,IN,14.31,76.65,SR Residency
515,Cofradia,MX,20.03,-103.55,Hostal La Casona De Daniel
516,Thunder Bay,CA,48.41,-89.26,Victoria Inn Hotel and Convention Centre
517,Quatre Cocos,MU,-20.21,57.76,Emeraude Beach Attitude Hotel
518,Zelenogorskiy,RU,55.03,87.0,"Ooo Rts ""Renessans"""
519,Baruun-Urt,MN,46.68,113.28,Ахмадын амралт сувилал
520,Xichang,CN,27.88,102.25,Xichang ibis Hotel
521,Weyburn,CA,49.67,-103.85,Perfect Inns & Suites
522,Avera,US,33.19,-82.53,
523,Breves,BR,-1.68,-50.48,Hotel e Restaurante Grill
524,Peniche,PT,39.36,-9.38,Hotel Star inn Peniche
526,Barabai,ID,-2.59,115.38,"Hotel Q Inn, Barabai"
527,Makakilo City,US,21.35,-158.09,Marriott's Ko Olina Beach Club
528,Mitsamiouli,KM,-11.38,43.28,Foyer ADM
529,Tianpeng,CN,28.88,112.34,Haoshanghao Restaurant
530,Pierre,US,44.37,-100.35,Ramkota Hotel
531,Micoud,LC,13.82,-60.9,Zamacà
532,Normandin,CA,48.84,-72.53,Chambres MB Normandin (Lac St -Jean)
533,Hede,SE,60.45,15.49,Scandic
534,Tabou,CI,4.42,-7.36,Hotel Les Rochers
535,Sambava,MG,-14.27,50.17,Melrose
536,Changping,CN,40.22,116.23,Huachang Hotel
537,Inirida,CO,3.87,-67.92,Fuente del Guania Hotel de Lujo
538,Ixtapa,MX,20.71,-105.21,Container Inn Puerto Vallarta
539,Euclid,US,41.59,-81.53,Econo Lodge Wickliffe - Cleveland East
540,Luganville,VU,-15.51,167.18,The Espiritu Hotel
541,Westport,US,41.14,-73.36,The Westport Inn
542,Aguimes,ES,27.91,-15.45,Hotel Villa de Aguimes
543,Kroonstad,ZA,-27.65,27.24,Travel Inn Kroonstad
544,Pestovo,RU,55.36,37.98,Pesochnyy Kar'yer
545,Bahia Blanca,AR,-38.72,-62.27,Hotel Argos
546,Alofi,NU,-19.06,-169.92,Taloa Heights
547,Pinega,RU,64.7,43.39,"Gostevoy Dom Ooo ""Pinezh'yeles"""
548,Morgantown,US,39.63,-79.96,Morgantown Marriott at Waterfront Place
